,Dose,logDose,Number_tested,Number_killed,Rate
1,49.06,1.691,59,6,0.101694915
2,52.99,1.724,60,13,0.216666667
3,56.91,1.755,62,18,0.290322581
4,60.84,1.784,56,28,0.5
5,64.76,1.811,63,52,0.825396825
6,68.69,1.837,59,53,0.898305085
7,72.61,1.861,62,61,0.983870968
8,76.54,1.884,60,60,1
